ubigeo,departamento,declaratorias,prorrogas,lluvia_total_mm,dias_lluvia_fuerte,capital,latitud,longitud
01,Amazonas,3,1,414.6,3,Chachapoyas,-6.23169,-77.86903
02,Áncash,6,1,1145.8,9,Huaraz,-9.52614,-77.52869
03,Apurímac,1,0,726.2,3,Abancay,-13.63426,-72.8838
04,Arequipa,4,0,362.0,1,Arequipa,-16.39899,-71.53747
05,Ayacucho,5,1,498.4,2,Ayacucho,-13.1638,-74.22345
06,Cajamarca,4,0,796.6,0,Cajamarca,-7.16378,-78.50027
07,Callao,1,0,55.5,0,Callao,-12.05162,-77.13452
08,Cusco,2,0,714.0,1,Cusco,-13.53188,-71.96701
09,Huancavelica,3,0,817.8,3,Huancavelica,-12.78691,-74.97298
10,Huánuco,4,0,524.3,2,Huánuco,-9.92882,-76.23989
11,Ica,3,0,113.6,0,Ica,-14.07538,-75.73422
12,Junín,2,0,850.8,6,Huancayo,-12.06866,-75.21027
13,La Libertad,5,0,177.2,1,Trujillo,-8.11599,-79.02998
14,Lambayeque,3,1,445.8,4,Chiclayo,-6.77008,-79.85495
15,Lima,6,0,55.5,0,Lima,-12.04318,-77.02824
16,Loreto,1,0,1604.6,26,Iquitos,-3.74814,-73.2529
17,Madre de Dios,0,0,1248.4,23,Puerto Maldonado,-12.58946,-69.19948
18,Moquegua,2,0,83.9,0,Moquegua,-17.19747,-70.93587
19,Pasco,2,0,750.4,1,Cerro de Pasco,-10.66577,-76.25309
20,Piura,3,1,719.4,12,Piura,-5.18192,-80.65715
21,Puno,1,0,660.4,4,Puno,-15.84003,-70.02198
22,San Martín,4,0,1050.5,12,Moyobamba,-6.03441,-76.97423
23,Tacna,2,0,28.2,0,Tacna,-18.01465,-70.25362
24,Tumbes,2,1,931.4,14,Tumbes,-3.55592,-80.44258
25,Ucayali,3,0,1316.0,24,Pucallpa,-8.37915,-74.55387
