numero,fecha,titulo,tipo,motivo,enlace
Decreto Supremo N.° 008-2023-PCM,Publicado: 13 de enero de 2023,"Decreto Supremo que declara el Estado de Emergencia en varios distritos de algunas provincias de los departamentos de Amazonas, Áncash, Arequipa, Ayacucho, Cajamarca, Huancavelica, Huánuco, Junín, La Libertad, Lima, Loreto, Moquegua, Pasco, San Martín, Tacna y Ucayali, por peligro inminente ante intensas precipitaciones pluviales",declara,peligro inminente,https://www.gob.pe/institucion/pcm/normas-legales/3888261-008-2023-pcm
Decreto Supremo N.° 007-2023-PCM,Publicado: 13 de enero de 2023,"Decreto Supremo que declara el Estado de Emergencia en algunos distritos de varias provincias de los departamentos de Amazonas, Áncash, Cusco, Huánuco, La Libertad, San Martín y Ucayali, por impacto de daños ante intensas precipitaciones pluviales.",declara,impacto de daños,https://www.gob.pe/institucion/pcm/normas-legales/3888259-007-2023-pcm
Decreto Supremo N.° 024-2023-PCM,Publicado: 17 de febrero de 2023,"Decreto Supremo que declara el Estado de Emergencia en los distritos de Allauca, Cacra, Catahuasi, Huangascar, Lincha, Putinza, Quinches y Viñac de la provincia de Yauyos del departamento de Lima, por impacto de daños ante intensas precipitaciones pluviales",declara,impacto de daños,https://www.gob.pe/institucion/pcm/normas-legales/5569220-024-2023-pcm
Decreto Supremo N.° 019-2023-PCM,Publicado: 6 de febrero de 2023,"Decreto Supremo que declara el Estado de Emergencia en el distrito de Mariano Nicolás Valcárcel de la provincia de Camaná del departamento de Arequipa, por impacto de daños ante intensas precipitaciones pluviales",declara,impacto de daños,https://www.gob.pe/institucion/pcm/normas-legales/3900649-019-2023-pcm
Decreto Supremo N.° 044-2023-PCM,Publicado: 29 de marzo de 2023,"Decreto Supremo que declara el Estado de Emergencia en algunos distritos de las provincias de Leoncio Prado y Marañón del departamento de Huánuco; y, en algunos distritos de las provincias de Nasca, Ica y Palpa del departamento de Ica, por impacto de daños a consecuencia de intensas precipitaciones pluviales",declara,impacto de daños,https://www.gob.pe/institucion/pcm/normas-legales/4116711-044-2023-pcm
Decreto Supremo N.° 043-2023-PCM,Publicado: 26 de marzo de 2023,"Decreto Supremo que declara el Estado de Emergencia Nacional, por desastre de gran magnitud, a consecuencia de intensas precipitaciones pluviales en los departamentos de Lambayeque, Piura y Tumbes",declara,otro,https://www.gob.pe/institucion/pcm/normas-legales/4116672-043-2023-pcm
Decreto Supremo N.° 0039-2023-PCM,Publicado: 18 de marzo de 2023,"Decreto Supremo que declara el Estado de Emergencia en varios distritos de algunas provincias de los departamentos de Amazonas, Ayacucho, Pasco y Ucayali, por impacto de daños a consecuencia de intensas precipitaciones pluviales",declara,impacto de daños,https://www.gob.pe/institucion/pcm/normas-legales/5569229-0039-2023-pcm
Decreto Supremo N.° 038-2023-PCM,Publicado: 18 de marzo de 2023,"Decreto Supremo que declara el Estado de Emergencia en varios distritos de algunas provincias de los departamentos de Áncash, Huancavelica, Ica y Lima, por impacto de daños a consecuencia de intensas precipitaciones pluviales",declara,impacto de daños,https://www.gob.pe/institucion/pcm/normas-legales/4094910-038-2023-pcm
Decreto Supremo N.° 035-2023-PCM,Publicado: 12 de marzo de 2023,"Decreto Supremo que declara el Estado de Emergencia en varios distritos de algunas provincias de los departamentos de Áncash, Apurímac, Arequipa, Ayacucho, Cusco, Huancavelica, Huánuco, Ica, Junín, Lima, Moquegua, Puno y Tacna; y, de la Provincia Constitucional del Callao, por peligro inminente ante intensas precipitaciones pluviales",declara,peligro inminente,https://www.gob.pe/institucion/pcm/normas-legales/5569228-035-2023-pcm
Decreto Supremo N.° 034-2023-PCM,Publicado: 12 de marzo de 2023,"Decreto Supremo que declara el Estado de Emergencia en varios distritos de algunas provincias de los departamentos de Cajamarca, La Libertad, Lambayeque y Piura, por impacto de daños ante intensas precipitaciones pluviales",declara,impacto de daños,https://www.gob.pe/institucion/pcm/normas-legales/4032669-034-2023-pcm
Decreto Supremo N.° 030-2023-PCM,Publicado: 10 de marzo de 2023,"Decreto Supremo que declara el Estado de Emergencia en algunos distritos de varias provincias del departamento de Arequipa, por impacto de daños ante intensas precipitaciones pluviales",declara,impacto de daños,https://www.gob.pe/institucion/pcm/normas-legales/4032564-030-2023-pcm
Decreto Supremo N.° 029-2023-PCM,Publicado: 3 de marzo de 2023,"Decreto Supremo que declara el Estado de Emergencia en varios distritos de algunas provincias de los departamentos de Áncash, Cajamarca, La Libertad, Lambayeque, Lima, Piura y Tumbes, por peligro inminente ante intensas precipitaciones pluviales",declara,peligro inminente,https://www.gob.pe/institucion/pcm/normas-legales/5569227-029-2023-pcm
Decreto Supremo N.° 028-2023-PCM,Publicado: 1 de marzo de 2023,"Decreto Supremo que declara el Estado de Emergencia en varios distritos de las provincias del departamento de Ayacucho, por impacto de daños ante intensas precipitaciones pluviales",declara,impacto de daños,https://www.gob.pe/institucion/pcm/normas-legales/5569226-028-2023-pcm
Decreto Supremo N.° 056-2023-PCM,Publicado: 26 de abril de 2023,"Decreto Supremo que declara el Estado de Emergencia en los distritos de Llauta, Otoca y Saisa de la provincia de Lucanas y en el distrito de San Miguel de la provincia de La Mar del departamento de Ayacucho, por impacto de daños a consecuencia de intensas precipitaciones pluviales",declara,impacto de daños,https://www.gob.pe/institucion/pcm/normas-legales/4221212-056-2023-pcm
Decreto Supremo N.° 052-2023-PCM,Publicado: 15 de abril de 2023,"Decreto Supremo que declara el Estado de Emergencia en algunos distritos de las provincias de Bellavista, San Martín, El Dorado, Lamas y Moyobamba del departamento de San Martín, por impacto de daños a consecuencia de intensas precipitaciones pluviales",declara,impacto de daños,https://www.gob.pe/institucion/pcm/normas-legales/5580735-052-2023-pcm
Decreto Supremo N.° 065-2023-PCM,Publicado: 24 de mayo de 2023,"Decreto Supremo que prorroga el Estado de Emergencia Nacional, por desastre de gran magnitud, a consecuencia de intensas precipitaciones pluviales en varios distritos de las provincias de los departamentos de Lambayeque, Piura y Tumbes",prorroga,otro,https://www.gob.pe/institucion/pcm/normas-legales/5569232-065-2023-pcm
Decreto Supremo N.° 061-2023-PCM,Publicado: 18 de mayo de 2023,"Decreto Supremo que prorroga el Estado de Emergencia en varios distritos de algunas provincias del departamento de Áncash, por impacto de daños a consecuencia de intensas precipitaciones pluviales",prorroga,impacto de daños,https://www.gob.pe/institucion/pcm/normas-legales/5569144-061-2023-pcm
Decreto Supremo N.° 062-2023-PCM,Publicado: 17 de mayo de 2023,"Decreto Supremo que prorroga el Estado de Emergencia en varios distritos de algunas provincias de los departamentos de Amazonas y Ayacucho, por impacto de daños a consecuencia de intensas precipitaciones pluviales",prorroga,impacto de daños,https://www.gob.pe/institucion/pcm/normas-legales/5569160-062-2023-pcm
Decreto Supremo N.° 059-2023-PCM,Publicado: 10 de mayo de 2023,"Decreto Supremo que declara el Estado de Emergencia en varios distritos de algunas provincias de los departamentos de Áncash, Cajamarca, La Libertad y Lima, por impacto de daños a consecuencia de intensas precipitaciones pluviales",declara,impacto de daños,https://www.gob.pe/institucion/pcm/normas-legales/5569141-059-2023-pcm
Decreto Supremo N.° 058-2023-PCM,Publicado: 3 de mayo de 2023,"Decreto Supremo que declara el Estado de Emergencia en algunos distritos de las provincias de Bellavista, Huallaga, Lamas, Picota, San Martín y Tocache del departamento de San Martín, por impacto de daños a consecuencia de intensas precipitaciones pluviales",declara,impacto de daños,https://www.gob.pe/institucion/pcm/normas-legales/4221238-058-2023-pcm
