departamento,capital,latitud,longitud,lluvia_total_mm,dias_lluvia_fuerte
Amazonas,Chachapoyas,-6.23169,-77.86903,414.6,3
Ancash,Huaraz,-9.52614,-77.52869,1145.8,9
Apurimac,Abancay,-13.63426,-72.8838,726.2,3
Arequipa,Arequipa,-16.39899,-71.53747,362.0,1
Ayacucho,Ayacucho,-13.1638,-74.22345,498.4,2
Cajamarca,Cajamarca,-7.16378,-78.50027,796.6,0
Cusco,Cusco,-13.53188,-71.96701,714.0,1
Huancavelica,Huancavelica,-12.78691,-74.97298,817.8,3
Huanuco,Huánuco,-9.92882,-76.23989,524.3,2
Ica,Ica,-14.07538,-75.73422,113.6,0
Junin,Huancayo,-12.06866,-75.21027,850.8,6
La Libertad,Trujillo,-8.11599,-79.02998,177.2,1
Lambayeque,Chiclayo,-6.77008,-79.85495,445.8,4
Lima,Lima,-12.04318,-77.02824,55.5,0
Loreto,Iquitos,-3.74814,-73.2529,1604.6,26
Madre de Dios,Puerto Maldonado,-12.58946,-69.19948,1248.4,23
Moquegua,Moquegua,-17.19747,-70.93587,83.9,0
Pasco,Cerro de Pasco,-10.66577,-76.25309,750.4,1
Piura,Piura,-5.18192,-80.65715,719.4,12
Puno,Puno,-15.84003,-70.02198,660.4,4
San Martin,Moyobamba,-6.03441,-76.97423,1050.5,12
Tacna,Tacna,-18.01465,-70.25362,28.2,0
Tumbes,Tumbes,-3.55592,-80.44258,931.4,14
Ucayali,Pucallpa,-8.37915,-74.55387,1316.0,24
Callao,Callao,-12.05162,-77.13452,55.5,0
